{"folders": ["shift_oct5_0", "shift_oct6_0", "shift_oct4_0", "shift_oct4_1", "shift_oct5_1", "shift_oct5_2", "shift_oct4_2", "shift_oct4_3", "shift_oct5_3", "shift_oct4_4", "shift_oct5_4", "shift_oct4_5", "shift_oct5_5", "shift_oct5_6", "shift_oct4_6", "shift_oct3_8", "shift_oct3_9", "shift_oct3_10", "shift_oct3_11"], "accuracies": [0.14457831325301204, 0.9836065573770492, 0.6136363636363636, 0.2786885245901639, 0.9505494505494505, 0.36065573770491804, 0.5852272727272727, 0.994535519125683, 0.8571428571428571, 0.6968085106382979, 0.9725274725274725, 0.7136363636363636, 0.16574585635359115, 0.9608938547486033, 0.9766081871345029, 0.9281767955801105, 0.7724137931034483], "delays": [21, 2, 2, 19, 0, 7, 0, 1, 1, 2, 0, 28, -1, 4, 2, 7, 0], "accuracy_avg": 0.7032606723428918, "delay_avg": 6.0}